Paquete_ID,Pallet_ID,Nodo_ID,Peso,Volumen,Superficie,Torque
44,5,1,1.1759660350269872,3.6814655358354647,-2.939915087567468
45,5,1,0.833879726626515,0.14511384614911915,-2.0846993165662875
46,5,1,1.0293541596297973,0.6403187002649476,-2.573385399074493
